--
-- PostgreSQL database dump
--

-- Dumped from database version 12.17 (Ubuntu 12.17-1.pgdg22.04+1)
-- Dumped by pg_dump version 12.17 (Ubuntu 12.17-1.pgdg22.04+1)

SET statement_timeout = 0;
SET lock_timeout = 0;
SET idle_in_transaction_session_timeout = 0;
SET client_encoding = 'UTF8';
SET standard_conforming_strings = on;
SELECT pg_catalog.set_config('search_path', '', false);
SET check_function_bodies = false;
SET xmloption = content;
SET client_min_messages = warning;
SET row_security = off;

DROP DATABASE universe;
--
-- Name: universe; Type: DATABASE; Schema: -; Owner: freecodecamp
--

CREATE DATABASE universe WITH TEMPLATE = template0 ENCODING = 'UTF8' LC_COLLATE = 'C.UTF-8' LC_CTYPE = 'C.UTF-8';


ALTER DATABASE universe OWNER TO freecodecamp;

\connect universe

SET statement_timeout = 0;
SET lock_timeout = 0;
SET idle_in_transaction_session_timeout = 0;
SET client_encoding = 'UTF8';
SET standard_conforming_strings = on;
SELECT pg_catalog.set_config('search_path', '', false);
SET check_function_bodies = false;
SET xmloption = content;
SET client_min_messages = warning;
SET row_security = off;

SET default_tablespace = '';

SET default_table_access_method = heap;

--
-- Name: asteroid; Type: TABLE; Schema: public; Owner: freecodecamp
--

CREATE TABLE public.asteroid (
    asteroid_id integer NOT NULL,
    name character varying(100) NOT NULL,
    composition text NOT NULL,
    orbit_period numeric,
    discovered boolean NOT NULL
);


ALTER TABLE public.asteroid OWNER TO freecodecamp;

--
-- Name: asteroid_asteroid_id_seq; Type: SEQUENCE; Schema: public; Owner: freecodecamp
--

CREATE SEQUENCE public.asteroid_asteroid_id_seq
    AS integer
    START WITH 1
    INCREMENT BY 1
    NO MINVALUE
    NO MAXVALUE
    CACHE 1;


ALTER TABLE public.asteroid_asteroid_id_seq OWNER TO freecodecamp;

--
-- Name: asteroid_asteroid_id_seq; Type: SEQUENCE OWNED BY; Schema: public; Owner: freecodecamp
--

ALTER SEQUENCE public.asteroid_asteroid_id_seq OWNED BY public.asteroid.asteroid_id;


--
-- Name: galaxy; Type: TABLE; Schema: public; Owner: freecodecamp
--

CREATE TABLE public.galaxy (
    galaxy_id integer NOT NULL,
    name character varying(100) NOT NULL,
    type character varying(50),
    age numeric,
    inhabited boolean NOT NULL
);


ALTER TABLE public.galaxy OWNER TO freecodecamp;

--
-- Name: galaxy_galaxy_id_seq; Type: SEQUENCE; Schema: public; Owner: freecodecamp
--

CREATE SEQUENCE public.galaxy_galaxy_id_seq
    AS integer
    START WITH 1
    INCREMENT BY 1
    NO MINVALUE
    NO MAXVALUE
    CACHE 1;


ALTER TABLE public.galaxy_galaxy_id_seq OWNER TO freecodecamp;

--
-- Name: galaxy_galaxy_id_seq; Type: SEQUENCE OWNED BY; Schema: public; Owner: freecodecamp
--

ALTER SEQUENCE public.galaxy_galaxy_id_seq OWNED BY public.galaxy.galaxy_id;


--
-- Name: moon; Type: TABLE; Schema: public; Owner: freecodecamp
--

CREATE TABLE public.moon (
    moon_id integer NOT NULL,
    name character varying(100) NOT NULL,
    planet_id integer,
    radius integer,
    has_atmosphere boolean NOT NULL
);


ALTER TABLE public.moon OWNER TO freecodecamp;

--
-- Name: moon_moon_id_seq; Type: SEQUENCE; Schema: public; Owner: freecodecamp
--

CREATE SEQUENCE public.moon_moon_id_seq
    AS integer
    START WITH 1
    INCREMENT BY 1
    NO MINVALUE
    NO MAXVALUE
    CACHE 1;


ALTER TABLE public.moon_moon_id_seq OWNER TO freecodecamp;

--
-- Name: moon_moon_id_seq; Type: SEQUENCE OWNED BY; Schema: public; Owner: freecodecamp
--

ALTER SEQUENCE public.moon_moon_id_seq OWNED BY public.moon.moon_id;


--
-- Name: planet; Type: TABLE; Schema: public; Owner: freecodecamp
--

CREATE TABLE public.planet (
    planet_id integer NOT NULL,
    name character varying(100) NOT NULL,
    star_id integer,
    mass numeric,
    has_moons boolean NOT NULL,
    distance_from_star integer NOT NULL
);


ALTER TABLE public.planet OWNER TO freecodecamp;

--
-- Name: planet_planet_id_seq; Type: SEQUENCE; Schema: public; Owner: freecodecamp
--

CREATE SEQUENCE public.planet_planet_id_seq
    AS integer
    START WITH 1
    INCREMENT BY 1
    NO MINVALUE
    NO MAXVALUE
    CACHE 1;


ALTER TABLE public.planet_planet_id_seq OWNER TO freecodecamp;

--
-- Name: planet_planet_id_seq; Type: SEQUENCE OWNED BY; Schema: public; Owner: freecodecamp
--

ALTER SEQUENCE public.planet_planet_id_seq OWNED BY public.planet.planet_id;


--
-- Name: star; Type: TABLE; Schema: public; Owner: freecodecamp
--

CREATE TABLE public.star (
    star_id integer NOT NULL,
    name character varying(100) NOT NULL,
    galaxy_id integer,
    temperature integer,
    has_planets boolean NOT NULL
);


ALTER TABLE public.star OWNER TO freecodecamp;

--
-- Name: star_star_id_seq; Type: SEQUENCE; Schema: public; Owner: freecodecamp
--

CREATE SEQUENCE public.star_star_id_seq
    AS integer
    START WITH 1
    INCREMENT BY 1
    NO MINVALUE
    NO MAXVALUE
    CACHE 1;


ALTER TABLE public.star_star_id_seq OWNER TO freecodecamp;

--
-- Name: star_star_id_seq; Type: SEQUENCE OWNED BY; Schema: public; Owner: freecodecamp
--

ALTER SEQUENCE public.star_star_id_seq OWNED BY public.star.star_id;


--
-- Name: asteroid asteroid_id; Type: DEFAULT; Schema: public; Owner: freecodecamp
--

ALTER TABLE ONLY public.asteroid ALTER COLUMN asteroid_id SET DEFAULT nextval('public.asteroid_asteroid_id_seq'::regclass);


--
-- Name: galaxy galaxy_id; Type: DEFAULT; Schema: public; Owner: freecodecamp
--

ALTER TABLE ONLY public.galaxy ALTER COLUMN galaxy_id SET DEFAULT nextval('public.galaxy_galaxy_id_seq'::regclass);


--
-- Name: moon moon_id; Type: DEFAULT; Schema: public; Owner: freecodecamp
--

ALTER TABLE ONLY public.moon ALTER COLUMN moon_id SET DEFAULT nextval('public.moon_moon_id_seq'::regclass);


--
-- Name: planet planet_id; Type: DEFAULT; Schema: public; Owner: freecodecamp
--

ALTER TABLE ONLY public.planet ALTER COLUMN planet_id SET DEFAULT nextval('public.planet_planet_id_seq'::regclass);


--
-- Name: star star_id; Type: DEFAULT; Schema: public; Owner: freecodecamp
--

ALTER TABLE ONLY public.star ALTER COLUMN star_id SET DEFAULT nextval('public.star_star_id_seq'::regclass);


--
-- Data for Name: asteroid; Type: TABLE DATA; Schema: public; Owner: freecodecamp
--

INSERT INTO public.asteroid VALUES (1, 'Ceres', 'Carbonaceous', 4.6, true);
INSERT INTO public.asteroid VALUES (2, 'Vesta', 'Silicaceous', 3.63, true);
INSERT INTO public.asteroid VALUES (3, 'Pallas', 'Carbonaceous', 4.62, true);
INSERT INTO public.asteroid VALUES (4, 'Hygiea', 'Carbonaceous', 5.57, false);
INSERT INTO public.asteroid VALUES (5, 'Eros', 'Silicaceous', 1.76, true);


--
-- Data for Name: galaxy; Type: TABLE DATA; Schema: public; Owner: freecodecamp
--

INSERT INTO public.galaxy VALUES (1, 'Milky Way', 'Spiral', 13.5, true);
INSERT INTO public.galaxy VALUES (2, 'Andromeda', 'Spiral', 10.0, false);
INSERT INTO public.galaxy VALUES (3, 'Triangulum', 'Spiral', 12.0, false);
INSERT INTO public.galaxy VALUES (4, 'Large Magellanic Cloud', 'Dwarf', 0.5, true);
INSERT INTO public.galaxy VALUES (5, 'Small Magellanic Cloud', 'Dwarf', 0.2, true);
INSERT INTO public.galaxy VALUES (6, 'Whirlpool', 'Spiral', 15.0, false);


--
-- Data for Name: moon; Type: TABLE DATA; Schema: public; Owner: freecodecamp
--

INSERT INTO public.moon VALUES (1, 'Moon', 1, 1737, false);
INSERT INTO public.moon VALUES (2, 'Phobos', 2, 11, false);
INSERT INTO public.moon VALUES (3, 'Deimos', 2, 6, false);
INSERT INTO public.moon VALUES (4, 'Europa', 3, 1560, true);
INSERT INTO public.moon VALUES (5, 'Ganymede', 3, 2634, true);
INSERT INTO public.moon VALUES (6, 'Callisto', 3, 2410, true);
INSERT INTO public.moon VALUES (7, 'Titan', 3, 2575, true);
INSERT INTO public.moon VALUES (8, 'Enceladus', 3, 252, true);
INSERT INTO public.moon VALUES (9, 'Iapetus', 3, 735, false);
INSERT INTO public.moon VALUES (10, 'Dione', 3, 562, false);
INSERT INTO public.moon VALUES (11, 'Triton', 3, 1353, true);
INSERT INTO public.moon VALUES (12, 'Proxima b Moon 1', 4, 500, false);
INSERT INTO public.moon VALUES (13, 'Proxima b Moon 2', 4, 300, false);
INSERT INTO public.moon VALUES (14, 'Alpha Centauri Bb Moon 1', 5, 250, false);
INSERT INTO public.moon VALUES (15, 'Alpha Centauri Bb Moon 2', 5, 150, false);
INSERT INTO public.moon VALUES (16, 'Betelgeuse b Moon 1', 6, 1000, false);
INSERT INTO public.moon VALUES (17, 'Sirius b Moon 1', 7, 50, false);
INSERT INTO public.moon VALUES (18, 'Rigel b Moon 1', 8, 400, false);
INSERT INTO public.moon VALUES (19, 'Milky Way b Moon 1', 9, 600, false);
INSERT INTO public.moon VALUES (20, 'Whirlpool b Moon 1', 10, 700, false);


--
-- Data for Name: planet; Type: TABLE DATA; Schema: public; Owner: freecodecamp
--

INSERT INTO public.planet VALUES (1, 'Earth', 1, 5.97, true, 149600000);
INSERT INTO public.planet VALUES (2, 'Mars', 1, 0.642, true, 227900000);
INSERT INTO public.planet VALUES (3, 'Jupiter', 1, 1898, true, 778500000);
INSERT INTO public.planet VALUES (4, 'Proxima b', 2, 1.27, false, 7200000);
INSERT INTO public.planet VALUES (5, 'Alpha Centauri Bb', 6, 1.13, false, 5900000);
INSERT INTO public.planet VALUES (6, 'Betelgeuse b', 3, 300, false, 2000000000);
INSERT INTO public.planet VALUES (7, 'Sirius b', 5, 0.02, false, 20000000);
INSERT INTO public.planet VALUES (8, 'Rigel b', 4, 100, false, 100000000);
INSERT INTO public.planet VALUES (9, 'Milky Way b', 1, 500, true, 500000000);
INSERT INTO public.planet VALUES (10, 'Whirlpool b', 6, 800, false, 800000000);
INSERT INTO public.planet VALUES (11, 'LMC b', 4, 1200, true, 1200000000);
INSERT INTO public.planet VALUES (12, 'SMC b', 5, 400, true, 400000000);


--
-- Data for Name: star; Type: TABLE DATA; Schema: public; Owner: freecodecamp
--

INSERT INTO public.star VALUES (1, 'Sun', 1, 5778, true);
INSERT INTO public.star VALUES (2, 'Proxima Centauri', 2, 3042, true);
INSERT INTO public.star VALUES (3, 'Betelgeuse', 1, 3500, false);
INSERT INTO public.star VALUES (4, 'Rigel', 3, 11000, false);
INSERT INTO public.star VALUES (5, 'Sirius', 1, 9940, true);
INSERT INTO public.star VALUES (6, 'Alpha Centauri', 2, 5790, true);


--
-- Name: asteroid_asteroid_id_seq; Type: SEQUENCE SET; Schema: public; Owner: freecodecamp
--

SELECT pg_catalog.setval('public.asteroid_asteroid_id_seq', 5, true);


--
-- Name: galaxy_galaxy_id_seq; Type: SEQUENCE SET; Schema: public; Owner: freecodecamp
--

SELECT pg_catalog.setval('public.galaxy_galaxy_id_seq', 6, true);


--
-- Name: moon_moon_id_seq; Type: SEQUENCE SET; Schema: public; Owner: freecodecamp
--

SELECT pg_catalog.setval('public.moon_moon_id_seq', 20, true);


--
-- Name: planet_planet_id_seq; Type: SEQUENCE SET; Schema: public; Owner: freecodecamp
--

SELECT pg_catalog.setval('public.planet_planet_id_seq', 12, true);


--
-- Name: star_star_id_seq; Type: SEQUENCE SET; Schema: public; Owner: freecodecamp
--

SELECT pg_catalog.setval('public.star_star_id_seq', 6, true);


--
-- Name: asteroid asteroid_name_key; Type: CONSTRAINT; Schema: public; Owner: freecodecamp
--

ALTER TABLE ONLY public.asteroid
    ADD CONSTRAINT asteroid_name_key UNIQUE (name);


--
-- Name: asteroid asteroid_pkey; Type: CONSTRAINT; Schema: public; Owner: freecodecamp
--

ALTER TABLE ONLY public.asteroid
    ADD CONSTRAINT asteroid_pkey PRIMARY KEY (asteroid_id);


--
-- Name: galaxy galaxy_name_key; Type: CONSTRAINT; Schema: public; Owner: freecodecamp
--

ALTER TABLE ONLY public.galaxy
    ADD CONSTRAINT galaxy_name_key UNIQUE (name);


--
-- Name: galaxy galaxy_pkey; Type: CONSTRAINT; Schema: public; Owner: freecodecamp
--

ALTER TABLE ONLY public.galaxy
    ADD CONSTRAINT galaxy_pkey PRIMARY KEY (galaxy_id);


--
-- Name: moon moon_name_key; Type: CONSTRAINT; Schema: public; Owner: freecodecamp
--

ALTER TABLE ONLY public.moon
    ADD CONSTRAINT moon_name_key UNIQUE (name);


--
-- Name: moon moon_pkey; Type: CONSTRAINT; Schema: public; Owner: freecodecamp
--

ALTER TABLE ONLY public.moon
    ADD CONSTRAINT moon_pkey PRIMARY KEY (moon_id);


--
-- Name: planet planet_name_key; Type: CONSTRAINT; Schema: public; Owner: freecodecamp
--

ALTER TABLE ONLY public.planet
    ADD CONSTRAINT planet_name_key UNIQUE (name);


--
-- Name: planet planet_pkey; Type: CONSTRAINT; Schema: public; Owner: freecodecamp
--

ALTER TABLE ONLY public.planet
    ADD CONSTRAINT planet_pkey PRIMARY KEY (planet_id);


--
-- Name: star star_name_key; Type: CONSTRAINT; Schema: public; Owner: freecodecamp
--

ALTER TABLE ONLY public.star
    ADD CONSTRAINT star_name_key UNIQUE (name);


--
-- Name: star star_pkey; Type: CONSTRAINT; Schema: public; Owner: freecodecamp
--

ALTER TABLE ONLY public.star
    ADD CONSTRAINT star_pkey PRIMARY KEY (star_id);


--
-- Name: moon moon_planet_id_fkey; Type: FK CONSTRAINT; Schema: public; Owner: freecodecamp
--

ALTER TABLE ONLY public.moon
    ADD CONSTRAINT moon_planet_id_fkey FOREIGN KEY (planet_id) REFERENCES public.planet(planet_id);


--
-- Name: planet planet_star_id_fkey; Type: FK CONSTRAINT; Schema: public; Owner: freecodecamp
--

ALTER TABLE ONLY public.planet
    ADD CONSTRAINT planet_star_id_fkey FOREIGN KEY (star_id) REFERENCES public.star(star_id);


--
-- Name: star star_galaxy_id_fkey; Type: FK CONSTRAINT; Schema: public; Owner: freecodecamp
--

ALTER TABLE ONLY public.star
    ADD CONSTRAINT star_galaxy_id_fkey FOREIGN KEY (galaxy_id) REFERENCES public.galaxy(galaxy_id);


--
-- PostgreSQL database dump complete
--

